<ImportExportXml version="8.1.0000.0452" SolutionPackageVersion="8.1" languagecode="1033" generatedBy="CrmLive" xmlns:xsi="http://www.w3.org/2001/XMLSchema-instance">
  <SolutionManifest>
    <UniqueName>DeriveTech</UniqueName>
    <LocalizedNames>
      <LocalizedName description="Derive Tech" languagecode="1033" />
    </LocalizedNames>
    <Descriptions />
    <Version>1.0.0.1</Version>
    <Managed>0</Managed>
    <Publisher>
      <UniqueName>DefaultPublisherdt120</UniqueName>
      <LocalizedNames>
        <LocalizedName description="ERBrains" languagecode="1033" />
      </LocalizedNames>
      <Descriptions>
        <Description description="Default publisher for this organization" languagecode="1033" />
      </Descriptions>
      <EMailAddress xsi:nil="true"></EMailAddress>
      <SupportingWebsiteUrl xsi:nil="true"></SupportingWebsiteUrl>
      <CustomizationPrefix>new</CustomizationPrefix>
      <CustomizationOptionValuePrefix>10000</CustomizationOptionValuePrefix>
      <Addresses>
        <Address>
          <AddressNumber>1</AddressNumber>
          <AddressTypeCode xsi:nil="true"></AddressTypeCode>
          <City xsi:nil="true"></City>
          <County xsi:nil="true"></County>
          <Country xsi:nil="true"></Country>
          <Fax xsi:nil="true"></Fax>
          <FreightTermsCode xsi:nil="true"></FreightTermsCode>
          <ImportSequenceNumber xsi:nil="true"></ImportSequenceNumber>
          <Latitude xsi:nil="true"></Latitude>
          <Line1 xsi:nil="true"></Line1>
          <Line2 xsi:nil="true"></Line2>
          <Line3 xsi:nil="true"></Line3>
          <Longitude xsi:nil="true"></Longitude>
          <Name xsi:nil="true"></Name>
          <PostalCode xsi:nil="true"></PostalCode>
          <PostOfficeBox xsi:nil="true"></PostOfficeBox>
          <PrimaryContactName xsi:nil="true"></PrimaryContactName>
          <ShippingMethodCode xsi:nil="true"></ShippingMethodCode>
          <StateOrProvince xsi:nil="true"></StateOrProvince>
          <Telephone1 xsi:nil="true"></Telephone1>
          <Telephone2 xsi:nil="true"></Telephone2>
          <Telephone3 xsi:nil="true"></Telephone3>
          <TimeZoneRuleVersionNumber xsi:nil="true"></TimeZoneRuleVersionNumber>
          <UPSZone xsi:nil="true"></UPSZone>
          <UTCOffset xsi:nil="true"></UTCOffset>
          <UTCConversionTimeZoneCode xsi:nil="true"></UTCConversionTimeZoneCode>
        </Address>
        <Address>
          <AddressNumber>2</AddressNumber>
          <AddressTypeCode xsi:nil="true"></AddressTypeCode>
          <City xsi:nil="true"></City>
          <County xsi:nil="true"></County>
          <Country xsi:nil="true"></Country>
          <Fax xsi:nil="true"></Fax>
          <FreightTermsCode xsi:nil="true"></FreightTermsCode>
          <ImportSequenceNumber xsi:nil="true"></ImportSequenceNumber>
          <Latitude xsi:nil="true"></Latitude>
          <Line1 xsi:nil="true"></Line1>
          <Line2 xsi:nil="true"></Line2>
          <Line3 xsi:nil="true"></Line3>
          <Longitude xsi:nil="true"></Longitude>
          <Name xsi:nil="true"></Name>
          <PostalCode xsi:nil="true"></PostalCode>
          <PostOfficeBox xsi:nil="true"></PostOfficeBox>
          <PrimaryContactName xsi:nil="true"></PrimaryContactName>
          <ShippingMethodCode xsi:nil="true"></ShippingMethodCode>
          <StateOrProvince xsi:nil="true"></StateOrProvince>
          <Telephone1 xsi:nil="true"></Telephone1>
          <Telephone2 xsi:nil="true"></Telephone2>
          <Telephone3 xsi:nil="true"></Telephone3>
          <TimeZoneRuleVersionNumber xsi:nil="true"></TimeZoneRuleVersionNumber>
          <UPSZone xsi:nil="true"></UPSZone>
          <UTCOffset xsi:nil="true"></UTCOffset>
          <UTCConversionTimeZoneCode xsi:nil="true"></UTCConversionTimeZoneCode>
        </Address>
      </Addresses>
    </Publisher>
    <RootComponents>
      <RootComponent type="1" schemaName="account" behavior="1" />
      <RootComponent type="1" schemaName="contact" behavior="2" />
      <RootComponent type="1" schemaName="lead" behavior="2" />
      <RootComponent type="1" schemaName="new_vendor" behavior="0" />
      <RootComponent type="1" schemaName="new_vendors" behavior="0" />
      <RootComponent type="1" schemaName="opportunity" behavior="1" />
      <RootComponent type="20" id="{00a665d0-f653-e611-80f2-5065f38c84b1}" behavior="0" />
      <RootComponent type="20" id="{5ec4fbda-f553-e611-80f2-5065f38c84b1}" behavior="0" />
      <RootComponent type="20" id="{9cee7049-8254-e611-80f3-5065f38c8791}" behavior="0" />
      <RootComponent type="20" id="{b703108e-f653-e611-80f2-5065f38c84b1}" behavior="0" />
      <RootComponent type="20" id="{c2b2aefd-f653-e611-80f2-5065f38c84b1}" behavior="0" />
      <RootComponent type="20" id="{fd918930-8254-e611-80f3-5065f38c8791}" behavior="0" />
      <RootComponent type="29" id="{111cb818-f9da-4e52-b8a3-ba30b4efebb2}" behavior="0" />
      <RootComponent type="29" id="{29e5c4a9-4056-e611-80f3-c4346bdc3e51}" behavior="0" />
      <RootComponent type="29" id="{3a9b3bad-5155-e611-80f3-c4346bdc3e51}" behavior="0" />
      <RootComponent type="29" id="{3e8ebee6-a2bc-4451-9c5f-b146b085413a}" behavior="0" />
      <RootComponent type="29" id="{44b8e558-ab54-e611-80f3-c4346bdc3e51}" behavior="0" />
      <RootComponent type="29" id="{50e0af83-4056-e611-80f3-c4346bdc3e51}" behavior="0" />
      <RootComponent type="29" id="{59fb8cad-1258-e611-80f2-5065f38cf4c1}" behavior="0" />
      <RootComponent type="29" id="{5a9ffabd-4056-e611-80f3-c4346bdc3e51}" behavior="0" />
      <RootComponent type="29" id="{73f97e8e-2656-e611-80f3-c4346bdc3e51}" behavior="0" />
      <RootComponent type="29" id="{865525b1-3258-e611-80f3-c4346bdc3e51}" behavior="0" />
      <RootComponent type="29" id="{919e14d1-6489-4852-abd0-a63a6ecaac5d}" behavior="0" />
      <RootComponent type="29" id="{9d69d52f-2b58-e611-80f2-5065f38cf4c1}" behavior="0" />
      <RootComponent type="29" id="{b7884257-b654-e611-80f3-c4346bdc3e51}" behavior="0" />
      <RootComponent type="29" id="{dbb5146c-2b58-e611-80f2-5065f38cf4c1}" behavior="0" />
      <RootComponent type="29" id="{e2683084-5155-e611-80f3-c4346bdc3e51}" behavior="0" />
      <RootComponent type="29" id="{e2c7ba51-5155-e611-80f3-c4346bdc3e51}" behavior="0" />
      <RootComponent type="29" id="{fd583686-2f58-e611-80f2-5065f38cf4c1}" behavior="0" />
      <RootComponent type="60" id="{8448b78f-8f42-454e-8e2a-f8196b0419af}" />
      <RootComponent type="60" id="{a837e4a7-01b8-4f82-a475-be9abd67e667}" behavior="0" />
      <RootComponent type="60" id="{e3b6ddb7-8df0-4410-ac7b-fd32e5053d38}" behavior="0" />
      <RootComponent type="61" schemaName="new_AccountContact" behavior="0" />
      <RootComponent type="61" schemaName="new_AccountContactBPF" behavior="0" />
      <RootComponent type="61" schemaName="new_contract" behavior="0" />
      <RootComponent type="61" schemaName="new_costsave" behavior="0" />
      <RootComponent type="61" schemaName="new_currentdate" behavior="0" />
      <RootComponent type="61" schemaName="new_essmanagedservice" behavior="0" />
      <RootComponent type="61" schemaName="new_essretain" behavior="0" />
      <RootComponent type="61" schemaName="new_essvaluefortrans" behavior="0" />
      <RootComponent type="61" schemaName="new_getlock" behavior="0" />
      <RootComponent type="61" schemaName="new_hard" behavior="0" />
      <RootComponent type="61" schemaName="new_Hardwarecost" behavior="0" />
      <RootComponent type="61" schemaName="new_implemeservice" behavior="0" />
      <RootComponent type="61" schemaName="new_jquery" behavior="0" />
      <RootComponent type="61" schemaName="new_json" behavior="0" />
      <RootComponent type="61" schemaName="new_lock" behavior="0" />
      <RootComponent type="61" schemaName="new_Managed" behavior="0" />
      <RootComponent type="61" schemaName="new_note" behavior="0" />
      <RootComponent type="61" schemaName="new_on" behavior="0" />
      <RootComponent type="61" schemaName="new_opplock" behavior="0" />
      <RootComponent type="61" schemaName="new_Plus" behavior="0" />
      <RootComponent type="61" schemaName="new_Projectmove" behavior="0" />
      <RootComponent type="61" schemaName="new_remove" behavior="0" />
      <RootComponent type="61" schemaName="new_Retainablock" behavior="0" />
      <RootComponent type="61" schemaName="new_revstaffaug" behavior="0" />
      <RootComponent type="61" schemaName="new_section" behavior="0" />
      <RootComponent type="61" schemaName="new_soft" behavior="0" />
      <RootComponent type="61" schemaName="new_staffaugementaion" behavior="0" />
      <RootComponent type="61" schemaName="new_statu" behavior="0" />
      <RootComponent type="61" schemaName="new_subgridcon" behavior="0" />
      <RootComponent type="61" schemaName="new_subgridcontract" behavior="0" />
      <RootComponent type="61" schemaName="new_subgridrefresh" behavior="0" />
      <RootComponent type="61" schemaName="new_submit1" behavior="0" />
      <RootComponent type="61" schemaName="new_submitaction" behavior="0" />
      <RootComponent type="61" schemaName="new_submitbutton" behavior="0" />
      <RootComponent type="61" schemaName="new_support" behavior="0" />
      <RootComponent type="61" schemaName="new_Total" behavior="0" />
      <RootComponent type="61" schemaName="new_Trancation" behavior="0" />
      <RootComponent type="61" schemaName="new_User1" behavior="0" />
      <RootComponent type="61" schemaName="new_userpositionopp" behavior="0" />
      <RootComponent type="61" schemaName="new_Userpostion" behavior="0" />
      <RootComponent type="61" schemaName="new_Xrm" behavior="0" />
      <RootComponent type="91" schemaName="Associate method for Sandbox, Version=1.0.0.0, Culture=neutral, PublicKeyToken=299b0fec283c0e9f" behavior="0" />
    </RootComponents>
    <MissingDependencies />
  </SolutionManifest>
</ImportExportXml>